.net,939
32-bit,8
3d,26
3rd-party,5
64-bit,12
abap,3
abstract-class,40
abstraction,108
acceptance-testing,50
access,16
access-control,21
access-modifiers,16
accessibility,12
actionscript,20
active-directory,9
activerecord,6
activity,12
actor-model,18
ada,4
adapter,7
adfsv2,2
admob,2
ado.net,10
adobe,6
advancements,5
advantages,4
advertisement,10
advocacy,5
aesthetics,4
aggregate,15
agile,743
agpl,33
ajax,124
akka,12
algebraic-data-type,7
algorithm-analysis,67
algorithms,1222
allocation,11
alternative,8
amazon-ec2,17
ambiguity,9
amd,3
analogy,4
analysis,75
analytics,8
android,364
android-development,46
android-market,22
angularjs,66
animation,12
annotations,13
annoyances,2
annual-review,2
ansi,3
ant,9
anti-patterns,104
antivirus,6
anxiety,3
aot,1
apache,41
apache-kafka,4
apache-license,58
apache-wicket,1
apache2,3
api,384
api-design,201
app,33
apple,49
application-design,54
applications,86
appraisal,3
apprentice-developer,1
approval,2
appstore,54
aptana,3
architect,21
architectural-patterns,58
architecture,1140
argparse,1
arithmetic,10
arm,7
array,101
articles,8
artificial-intelligence,95
ascii,10
asm,5
asn.1,2
asp-classic,12
asp.net,448
asp.net-mvc,292
asp.net-mvc-3,51
asp.net-mvc-4,52
asp.net-mvc-web-api,30
aspect-oriented,31
assembler,9
assembly,84
assertions,24
assessment,5
asset-management,1
async,53
asynchronous-programming,40
atom,5
attitude,7
attributes,9
attribution,9
audit,12
authentication,119
authorisation,1
authorization,27
auto-completion,10
autocomplete,1
automatic-programming,4
automatic-update,7
automation,65
automatons,2
aws,8
awt,4
azure,49
backlog,7
backups,22
backward-compatibility,20
bad-code,30
bad-programmer,8
bamboo,2
barcode,3
bash,22
basic,15
basic-skills,10
bbcode,1
bcl,5
bdd,78
behavior,19
benchmarking,27
benefits,14
beta,11
big-data,26
big-o,53
big-theta,5
billing,21
binary,46
binary-tree,26
binding,18
bit,8
bitbucket,7
bitwise-operators,30
biztalk,4
blackberry,4
blob,1
blogs,22
books,207
boolean,29
boost,16
bootstrap,8
boxing,4
bpm,7
brainfuck,2
brainstorming,4
branching,112
branding,7
brookslaw,2
brownfield,2
browser,74
browser-compatibility,19
bsd,10
bsd-license,70
budget,7
buffers,9
bug,126
bug-report,25
build-system,16
builds,103
bundling,3
burndown,4
burnout,14
business,145
business-analysis,26
business-card,2
business-intelligence,13
business-logic,66
business-process,13
business-rules,34
buy-vs-build,4
buzzwords,11
byte,14
bytecode,7
c,772
c#,2156
c++,1446
c++11,85
c11,1
c99,5
cache,28
caching,78
cakephp,17
calculator,4
calculus,4
calling-conventions,3
camelcase,3
canvas,16
captcha,9
career-development,396
career-transition,41
case-insensitivity,4
case-studies,7
case-tools,2
cassandra,11
catch-phrases,4
category-theory,1
cdn,3
certificate,17
certification,79
ceylon,2
cgi,5
challenge,10
change,16
changes,19
character-encoding,38
charity,5
chart,7
chat,13
cheat-sheet,2
checkin,3
chef,1
chess,17
children,15
chrome,27
circular-dependency,2
clang,10
class,121
class-design,163
class-diagram,53
clean-code,104
cleaning,4
clearcase,6
cli,11
clickonce,2
client,29
client-library,1
client-relations,109
client-server,11
client-side,55
clojure,80
closed-source,45
closures,33
cloud,14
cloud-computing,99
clr,23
cluster,29
cmake,5
cmmi,7
cms,60
co-workers,34
cobol,20
cocoa,16
cocomo,5
code-analysis,25
code-complete,13
code-contracts,8
code-formatting,40
code-generation,29
code-kata,5
code-layout,7
code-metrics,17
code-organization,68
code-ownership,13
code-quality,429
code-reuse,112
code-reviews,227
code-sample,8
code-security,17
code-smell,87
code-snippets,7
code-style,33
codefirst,11
codeigniter,38
codeplex,5
coding,92
coding-standards,323
coding-style,486
coffeescript,15
coffescript,1
cohesion,8
coldfusion,8
collaboration,74
colleagues,13
collections,43
college,39
color,17
com,7
combinatorics,7
comet,4
command-line,39
command-message,3
commandline-build-tool,6
comments,143
commercial,65
common-lisp,16
common-lisp-object-system,1
communication,147
community,26
company,22
comparison,80
compatibility,16
compensation,3
competence,2
competition,13
compilation,5
compiler,75
compilers,197
compiling,30
complexity,101
component,17
component-diagram,1
composition,55
compression,27
computation-expressions,5
computer,26
computer-architecture,30
computer-science,188
computer-vision,12
concentration,4
concepts,97
concurrency,140
conditions,54
conferences,17
configuration,71
configuration-management,45
considered-harmful,4
const,16
construction,12
constructors,27
constructs,2
content-management,12
contests,14
continuation,7
continuous-delivery,24
continuous-integration,153
contract,62
contract-law,2
contribution,23
control-structures,20
conventions,61
cookies,18
copy-paste-programming,12
copy-protection,12
copybook,1
copyright,151
corporate,4
corporate-culture,16
corporate-procedures,5
cost-estimation,26
couchdb,10
count,4
coupling,53
courses,15
cowboy-coding,9
cpu,49
cqrs,42
crawlers,6
creative-commons,23
creativity,16
credit-cards,5
credits,8
criticism,6
crm,11
cron,11
cross-browser,13
cross-language,2
cross-platform,93
crud,11
cryptography,31
crystal-reports,4
csda,3
csdp,3
css,211
css3,18
csv,13
cucumber,12
culture,33
currency,2
currying,6
custom-control,5
customer-relations,47
cvcs,8
cvs,6
cyclomatic-complexity,13
d,7
dao,23
dart,13
data,168
data-flow-diagram,2
data-integrity,3
data-mining,20
data-modeling,19
data-replication,9
data-structures,406
data-types,51
data-warehouse,14
database,888
database-design,460
database-development,69
dataflow,10
date-format,20
date-patterns,5
db2,10
dba,8
dbms,7
deadlines,19
debugging,177
decisions,32
declarations,9
declarative,5
declarative-programming,10
decompile,6
decorator,9
default-values,8
defect,11
defensive-programming,10
definition,37
degree,25
delegates,25
delegation,4
delimited-files,4
delimiter,1
delivery,5
delphi,72
demonstration,8
dependencies,74
dependency-analysis,8
dependency-injection,201
dependency-management,30
deployment,153
deprecation,12
design,2041
design-by-contract,12
design-decisions,13
design-patterns,1684
design-principles,30
designer,6
desktop,6
desktop-application,55
desktop-development,12
developer,18
developer-events,6
developer-tools,37
developing-skills,8
development,33
development-approach,20
development-cycle,4
development-environment,65
development-methodologies,102
development-process,493
diagramming,11
diagrams,62
dictionary,15
diff,15
difference,19
dijkstra,6
directory-structure,18
directx,4
disability,4
discrimination,2
dispatch,2
distributed-computing,65
distributed-development,27
distributed-system,6
distribution,24
division-of-labor,5
django,108
dll,28
docker,3
doctrine,9
document,11
document-databases,12
document-management,5
documentation,420
documentation-generation,36
dogfooding,10
dojo,2
dom,20
domain-driven-design,307
domain-model,103
domain-name-system,4
domain-objects,1
domain-specific-languages,8
doubles,2
downtime,3
drag-and-drop,5
drivers,6
drupal,15
dry,57
dsl,28
dto,1
duck-typing,14
dvcs,61
dynamic,13
dynamic-data,5
dynamic-inheritance,3
dynamic-languages,14
dynamic-linking,11
dynamic-programming,39
dynamic-typing,63
e-commerce,44
eai,4
easter-eggs,3
ebook,11
eclipse,64
ecmascript,9
economics,13
ecosystem,1
editor,17
editor-navigation,2
education,264
efficiency,117
effort,4
either,2
elance,3
elasticsearch,5
emacs,20
email,79
embedded,71
embedded-systems,32
ember.js,5
employee-relations,9
employers,15
employment,88
encapsulation,81
encryption,75
end-user-programming,3
end-users,17
endianness,7
engineering,36
enterprise-architecture,123
enterprise-development,48
entertainment,2
entity,33
entity-framework,164
entrepreneurship,22
entry-point,7
enum,49
environment,19
ergonomics,10
erlang,35
erp,17
error-detection,6
error-handling,104
error-messages,40
errors,42
es6,3
escaping,7
estimation,123
ethics,121
etiquette,28
etl,11
etymology,22
eula,10
evaluation,17
event,21
event-programming,77
event-sourcing,25
eventual-consistency,2
evidence-based,3
exam,8
examples,20
excel,31
exception-handling,117
exceptions,200
exit-strategy,3
experience,146
explanation,17
explicit,3
export,11
expressive-power,1
extensibility,27
extension-method,9
extjs,9
extreme-programming,50
f#,59
facebook,34
facebook-application,5
factor,2
factory,7
factory-method,20
failure,15
favorite,2
feasibility,4
feature-creep,3
feature-requests,11
features,25
feedback,13
felix,2
file-extension,6
file-formats,4
file-handling,73
file-naming,1
file-storage,23
file-structure,46
file-systems,46
files,32
filtering,10
final,13
finally,1
financial,26
finite-state-machine,38
firefox,18
firefoxos,1
firmware,5
fizzbuzz,3
flash,39
flask,7
flex,14
float,10
floating-point,22
flow,10
flowchart,21
fnv-1a,1
focus,20
fonts,10
forking,32
formal-methods,9
formatting,17
forms,17
forth,2
fortran,22
forum,2
forward-compatibility,3
foss,20
fossil-scm,2
fpa,4
fragmentation,4
frameworks,260
free-software,41
free-time,19
freelancing,259
freeware,8
friends,4
front-end,44
ftp,10
function-point,5
functional-programming,404
functional-requirements,1
functional-testing,16
functions,120
future,12
future-development,4
future-proof,10
game-development,145
games,21
gantt-chart,3
garbage-collection,61
gcc,19
gender,2
general-development,14
general-purpose,4
generalization,4
generic-programming,8
generics,61
genetic-algorithms,27
geometry,31
geospatial,10
gerrit,4
gettext,4
git,473
gitflow,22
github,183
gitlab,4
globals,19
gnu,7
go,47
google,77
google-app-engine,51
google-closure,3
google-guice,4
goto,8
government,7
gpl,361
gpu,16
grad-school,10
gradle,4
grails,18
grammar,37
graph,90
graph-databases,13
graph-traversal,25
graphical-code,2
graphics,65
greenfield,1
greenspunning,2
grid-computing,5
groovy,27
growth,6
gtk,8
gui,166
gui-design,19
guidance,10
gwt,21
hackathon,4
hacker-culture,4
hacking,28
hacks,10
hadoop,18
half-life,2
handheld,2
hardware,97
hashing,71
haskell,184
hateoas,8
headers,36
health,9
healthcare,5
heap,30
heatmap,2
help-documentation,4
heroku,10
heuristics,11
hibernate,42
hidden-features,4
hierarchy,20
high-level,21
high-performance,15
higher-order-functions,12
hiring,115
history,245
hl7,4
hmac,4
hobby-programming,15
home,5
hooks,2
horror-stories,2
hosting,22
html,301
html5,152
http,132
http-request,29
http-response,18
https,10
hudson,5
huffman-encoding,5
human-factors,8
hungarian,8
ibm,8
ide,151
ideal-company,4
ideas,29
identity,15
ideology,3
idioms,22
if-statement,5
iis,28
iis7,6
im,4
image,27
image-manipulation,33
image-processing,20
imagemagick,3
immutability,66
imperative-languages,7
imperative-programming,17
implementations,38
implicit-parallelism,3
import,12
importance,3
incentives,5
include,10
income,4
indentation,24
independent,4
independent-contractor,5
indexeddb,4
indexing,25
industry,30
industry-standard,10
inefficiency,5
information,26
information-overload,3
information-presentation,9
information-theory,4
inheritance,188
initialization,18
inline,1
innovation,7
inspiration,11
install,5
installer,33
instance,6
insurance,2
integration,32
integration-testing,5
integration-tests,83
intel,7
intellectual-property,29
intellij,14
intellisense,11
interfaces,254
international,4
internationalization,61
internet,24
internet-explorer,23
internship,54
interoperability,10
interpreters,46
interruptions,3
interview,549
intro-to-programming,11
introduction,4
invariants,7
inversion-of-control,33
io,41
io.js,1
ioc,24
ioc-containers,20
ios,302
ip,9
ipad,23
iphone,160
ipv6,4
ironpython,3
ironruby,2
isa,1
iso,16
issue-tracking,119
issues,3
isv,6
it-policy,4
iterative-development,9
iterator,20
itunesconnect,3
ivy,1
jargon,13
java,2671
java-ee,107
java8,12
javadocs,17
javafx,17
javascript,1176
jboss,7
jdbc,15
jee,3
jenkins,29
jira,21
jit,18
job-advancement,10
job-definition,62
job-hunting,14
job-market,90
job-performance,13
job-satisfaction,18
job-searching,13
job-title,75
jobs,85
joda-time,2
joel-test,14
joomla,8
journal,3
jpa,20
jquery,173
jre,3
jruby,7
jsf,11
json,133
jsp,28
junior-programmer,118
junit,23
jvm,46
kanban,24
kernel,18
keyboard,11
keyboard-layout,3
keyboard-shortcuts,9
keys,8
keywords,12
kinect,3
knowledge,35
knowledge-base,13
knowledge-management,10
knowledge-transfer,48
knuth,5
labels,4
lambda,47
lambda-calculus,6
lamp,14
language-agnostic,378
language-choice,44
language-design,268
language-discussion,10
language-features,86
language-specifications,3
language-theory,1
languages,84
laptop,4
laravel,22
large-scale-project,17
latency,14
law,28
layers,53
lazy-initialization,14
leadership,9
lean,15
learning,753
learning-curve,27
legacy,84
legacy-code,26
legal,261
lexer,22
lgpl,92
libraries,196
licensing,1024
life-cycle,24
lifestyle,14
linked-list,14
linking,19
linq,64
linux,203
linux-development,12
linux-kernel,13
lisp,108
lisp-machine,1
list,38
literate-programming,4
livescript,1
llvm,12
load-balancing,1
load-testing,10
loc,2
local-storage,10
localization,27
location-specific,2
locks,24
logging,112
logic,22
logic-programming,15
login,39
logs,1
lookup,2
loops,67
low-level,57
lua,20
luajit,1
lucene,10
mac,46
machine-code,16
machine-learning,61
macros,27
mainframe,11
maintainability,85
maintenance,149
make,10
malicious-code,2
malloc,9
managed-code,7
management,239
managers,14
manual-testing,7
manuals,5
map,28
mariadb,2
market,7
market-share,4
marketing,31
markup,13
math,194
matlab,19
matrices,7
maven,48
mdd,10
measurement,17
media,6
meetings,31
mef,9
membership-provider,2
memcached,9
memory,134
memory-usage,29
mentor,27
mercurial,100
merging,28
message-passing,13
message-queue,47
messaging,26
meta-programming,23
metadata,3
method-chaining,18
method-overloading,18
methodology,86
methods,88
metrics,58
metro,17
mfc,10
micro-isvs,3
micro-management,4
micro-optimization,1
microservices,5
microsoft,85
microsoft-access,14
microsoft-certifications,17
microsoft-office,3
middleware,14
migration,52
mind-mapping,6
minify,3
minimal-requirements,3
mistakes,18
mit-license,99
mixins,6
ml,2
mobile,149
mobile-app,65
mobile-payment,6
mobile-platforms,23
mocking,68
mockito,1
mockups,6
model,53
modeling,76
modelling,11
modern,5
modern-ui,2
modularization,3
modules,73
monad,20
mongo,10
mongodb,59
monitor,14
monkey-patch,4
mono,34
monodroid,6
mootools,5
morale,3
motivation,69
mouse,3
mpl,18
mq,1
ms-pl,9
msbuild,11
msdn,8
multi-core,16
multi-platform,11
multilingual,10
multiple-inheritance,26
multiple-monitors,5
multiprocessing,8
multitasking,7
multitenancy,8
multithreading,286
mutable,10
mvc,522
mvp,51
mvvm,108
mysql,293
myth,3
n-tier,48
namespace,45
naming,359
naming-standards,56
negotiation,9
netbeans,22
networking,115
networks,25
neural-networks,15
new-job,53
new-technology,29
nginx,1
nhibernate,27
ninject,7
nlp,24
node.js,168
noise,6
non-disclosure-agreement,11
non-english,7
non-profit,4
non-programmers,32
non-technical,12
non-technical-manager,21
normalization,19
nosql,102
notation,19
notepad++,4
notes,4
notify,2
np-complete,4
nuget,3
null,47
numbers,40
numeric-precision,20
numerical-equations,5
nunit,15
oauth,29
oauth2,15
obfuscation,24
object,39
object-oriented,1442
object-oriented-design,454
object-pascal,2
objective-c,192
observer-pattern,38
ocaml,8
octal,4
offer,4
office,29
offline,5
offshore,17
old-software,5
online-identity,4
ontology,2
ooad,9
ooda,2
open-close,9
open-office,2
open-source,795
opencl,3
opengl,44
openid,11
operating-systems,117
operator-precedence,7
operators,49
optimization,200
option,1
oracle,62
orchestration,2
order,10
organization,87
orm,151
osgi,2
osx,27
out-parameters,3
outsourcing,42
overload,4
p2p,11
paas,7
package-managers,11
packages,60
pagination,7
pair-programming,56
paradigms,79
parallel-programming,33
parallelism,42
parameters,41
parser-combinator,4
parsing,147
part-time,4
pascal,15
passwords,59
patents,17
patterns-and-practices,124
paying,14
payment,23
pci,3
pdf,14
pen-and-paper,4
people-management,9
peopleware,10
perceptron,1
perforce,9
performance,408
performance-tools,4
perl,64
permissions,31
persistence,51
personal,4
personal-projects,59
personal-software-process,2
personal-traits,5
personality,11
personality-conflicts,8
phantomjs,1
phd,3
philosophy,36
photo-gallery,5
php,1344
phpstorm,3
phpunit,9
physics,10
piracy,9
pitfalls,5
planning,104
platform-dependencies,1
platforms,18
playframework,11
plugin-architecture,12
plugins,48
poco,1
podcasts,3
pointers,77
politics,14
polling,14
polyfill,2
polyglot,3
polymorphism,74
popularity,13
portability,30
portfolio,21
porting,35
posix,2
postfix,4
postgres,30
powershell,4
practical-application,5
pragmatism,11
prediction,7
preferences,3
prefix,5
preparation,4
presentation,30
presentation-model,3
pricing,64
prince2,2
principles,6
privacy,22
problem-solving,78
problems,13
procedural,22
process,33
process-improvement,6
producer-consumer,3
product,17
product-backlog,14
product-design,2
product-development,2
product-features,23
product-management,17
product-names,7
product-owner,31
production,37
productivity,372
profession,17
professional-development,19
professional-society,5
professionalism,23
profiling,23
program,11
programming-languages,1193
programming-logic,28
programming-practices,914
project,144
project-hosting,25
project-management,775
project-planning,16
project-structure,61
projects-and-solutions,42
prolog,20
promotion,8
pronunciation,9
properties,32
proprietary,23
pros-and-cons,7
protobuf,3
protocol,38
prototyping,50
pseudocode,24
public-speaking,2
publications,6
pubsub,12
pull-requests,10
puppet,1
pure-function,6
pure-oop,4
purescript,1
push,11
puzzles,21
pyqt4,8
python,881
python-3.x,28
python-gui,2
qa,76
qt,53
qualifications,7
quality,101
quality-attributes,5
query,27
question-answering,9
queue,11
queueing,7
quitting,4
quotations,13
r,16
racket,5
rad,7
raii,5
rake,2
random,77
rational-unified-process,8
rationale,2
ravendb,5
razor,9
rdbms,35
rdms,3
reactive,5
readability,112
reading,13
reading-code,11
real-time,48
real-world,19
rebol,1
recognition,10
recruiting,48
recursion,89
redirect,3
redis,23
redmine,7
refactor,2
refactoring,380
reference,36
reference-manual,2
referral,2
reflection,26
reflector,2
register,5
regular-expressions,60
reinventing-the-wheel,12
relational-database,97
relationships,30
release,55
release-management,80
remote-desktop,6
rendering,9
report-generation,10
reporting,30
repository,92
reputation,3
requirements,217
requirements-management,39
research,58
resharper,13
resources,74
responsive-design,17
rest,416
resume,108
retirement,2
retrospective,5
return-type,24
revenue,5
reverse-engineering,21
review,21
revisions,4
rewrite,28
ria,7
riak,1
risk,8
risk-assesment,4
robotics,11
role,9
roles,18
routing,18
rpc,15
rsi,6
rspec,5
rss,7
ruby,257
ruby-on-rails,241
rule-of-three,4
rules-and-constraints,20
rules-engine,13
runtime,30
rust,1
sales,29
salesforce,2
saml,4
sample,5
sap,5
scala,166
scalability,98
scaling,5
scheduling,59
schema,45
scheme,55
school,41
science,10
scjp,3
scm,19
scope,37
scope-creep,4
screen,8
scripting,105
scrum,457
scrum-master,17
sdk,14
sdlc,31
search,85
search-engine,35
secure-coding,11
security,473
selenium,25
self-employment,7
self-improvement,369
self-teaching,40
semantic-versioning,15
semantic-web,8
semantics,44
senior-developer,22
seo,15
separation-of-concerns,56
sequence,11
sequence-diagram,17
serialization,55
server,121
server-client,49
server-security,8
server-side,57
service,22
service-bus,11
services,47
servlets,1
session,55
setters,1
settings,7
sgml,2
sharding,5
sharepoint,17
shell,29
shortcuts,4
sicp,8
side-effect,19
side-projects,3
signals,7
silverlight,73
simplicity,3
simulation,28
sinatra,3
single-responsibility,73
singleton,59
sip,4
site-blocking,4
skills,143
smalltalk,17
smart-pointer,12
sms,7
snippets,3
soa,106
soap,32
social,13
social-engineering,2
social-networks,30
social-skills,11
sockets,63
soft-skills,2
software,153
software-as-a-service,37
software-craftsmanship,13
software-developer,101
software-distribution,20
software-education,6
software-evaluation,13
software-law,14
software-obsolescence,6
software-patches,12
software-patent,37
software-performance,15
software-schedules,6
software-updates,46
solid,109
solo-development,53
solr,3
sorted-map,1
sorting,97
source-check,2
source-code,260
sp1,2
space-technology,5
spam,1
specflow,6
specialization,6
specifications,105
speed,38
spelling,6
spoken-languages,26
spreadsheet,8
spring,86
spring-mvc,17
sprint,53
sql,381
sql-azure,4
sql-domain,2
sql-injection,11
sql-server,190
sql-server-ce,2
sqlite,23
srs,4
ssa,1
ssd,5
ssis,6
ssl,20
sso,10
ssrs,4
stack,35
stack-oriented,5
stackoverflow,7
stacktrace,2
standard-library,8
standardization,23
standards,109
startup,80
state,37
static,18
static-access,21
static-analysis,40
static-keyword,6
static-linking,11
static-methods,41
static-typing,48
statistics,46
stay-updated,6
stereotypes,2
stl,14
stm,3
storage,52
stored-procedures,31
stories,10
strategy,42
stream-processing,5
stress,7
stress-testing,2
string-matching,7
strings,86
strong-typing,1
structural-programming,3
structural-typing,1
structured-programming,10
struts,3
stub,8
student,18
students,24
study,16
sublime-text,2
subtypes,1
suffix-trees,2
support,39
surrogate-keys,4
survey,4
svg,2
svn,179
swift-language,14
swing,47
switch-statement,29
symbian,3
symfony,13
synchronization,67
syntax,135
syntax-highlight,12
system,19
system-architecture,2
system-reliability,6
systems,8
systems-analysis,4
systems-programming,16
tablets,7
tagging,15
tail-call,9
taocp,5
task,10
task-organization,20
tcp,25
tdd,382
teaching,136
team,224
team-building,24
team-foundation-server,95
team-leader,64
team-spirit,7
teamwork,287
technical-debt,43
technical-manuals,3
technical-support,17
technical-writing,6
technique,24
technologies,5
technology,51
technology-choice,13
telecommuting,15
template-method,2
templates,75
terminology,467
terms-of-service,10
test-automation,27
test-coverage,33
test-management,3
testers,8
testing,754
tests,13
text-editor,45
text-encoding,13
text-processing,31
theory,125
third-party-libraries,51
thought-process,4
thread,22
threading,15
thrift,1
time,51
time-estimation,52
time-management,83
time-stamp,7
time-tracking,18
tips,10
tips-and-tricks,8
tomcat,21
toolkit,3
tools,115
top-companies,6
topics,3
tortoise-svn,5
touch-typing,7
touchscreens,6
trac,7
tracking,10
trademark,8
training,80
training-courses,10
trait,4
transaction,33
transition,7
translate,12
trees,64
trends,19
trust,5
tsql,18
turing-completeness,19
tutorial,11
tutoring,4
twitter,22
type-casting,28
type-conversion,8
type-safety,17
type-systems,75
type-theory,3
typeclass,4
types,1
typescript,11
typos,3
ubuntu,18
ui,68
uml,215
uncle-bob,12
undefined-behaviour,5
unicode,37
unions,4
unit-of-work,16
unit-test-data,2
unit-testing,784
university,42
unix,45
unlearning,5
untagged,2
update,3
upgrade,14
upload,6
uri,9
url,24
usability,30
usage,11
usage-statistics,8
usb,6
use-case,53
user-control,9
user-experience,62
user-group,8
user-interaction,6
user-interface,125
user-statistics,1
user-story,91
users,39
utf-8,13
utilities,8
uuid,9
ux,12
vaadin,2
validation,114
value,1
value-object,10
variables,106
vb.net,92
vba,13
vbscript,3
vendor-lock-in,1
verb,1
verification,32
version-control,627
versioning,121
vert.x,1
vi,5
video,23
view,15
vim,22
virtual-machine,70
virtual-machine-languages,5
virtualization,24
virus,5
visio,6
visitor-pattern,8
visual,15
visual-basic,27
visual-basic-6,17
visual-c++,15
visual-foxpro,3
visual-studio,166
visual-studio-2008,7
visual-studio-2010,78
visual-studio-2012,16
visualization,15
vulnerabilities,12
w3c,8
warning-signs,3
warnings,4
warranty,3
waterfall,35
wcf,133
weak-typing,8
web,156
web-2.0,4
web-api,51
web-applications,608
web-browser,16
web-crawler,13
web-design,46
web-development,1160
web-framework,75
web-hosting,19
web-scraping,18
web-servers,17
web-services,360
web-tools,3
webforms,33
webgl,1
website-performance,13
websites,137
websockets,28
webstorm,1
whiteboard,12
whitespace,14
wide-column-databases,1
wiki,17
wikipedia,3
windows,232
windows-7,12
windows-8,36
windows-phone-7,36
windows-phone-8,13
windows-registry,5
windows-runtime,1
winforms,64
winrt,14
wizard,4
word,8
wording,8
wordpress,23
work-environment,270
work-life,2
work-time,7
workaround,2
workflow-foundation,8
workflows,152
working-conditions,7
workload-estimation,5
wpf,151
writing,22
wysiwyg,7
x64,2
x86,20
xaml,28
xauth,2
xcode,39
xhtml,14
xml,176
xmlhttprequest,9
xna,8
xpath,5
xslt,15
xunit,5
yaml,2
yii,3
zend-framework,37
zone,5
