Location,Count
India,6331
United Kingdom,4681
Germany,2676
Canada,2486
Ca,2462
United States,2384
Australia,1801
France,1323
Brazil,1170
Sweden,1092
Ny,994
Russia,988
Tx,985
Netherlands,973
Wa,949
China,894
Poland,795
Italy,758
Ma,659
California,632
Spain,627
Belgium,606
Il,595
Pa,561
Switzerland,546
Norway,525
Fl,520
Ukraine,510
Romania,496
Israel,494
Denmark,481
Turkey,465
South Africa,464
Pakistan,448
Uk,440
Ireland,436
New Zealand,432
Oh,398
Or,376
Ga,372
Iran,371
Austria,371
Co,367
Czech Republic,349
Argentina,332
Portugal,331
Nc,322
Finland,319
Va,315
Singapore,308
Usa,304
Philippines,291
Mi,283
Bangladesh,275
Mexico,272
Greece,265
Japan,251
Az,249
Hungary,246
Egypt,236
Mn,227
Wi,227
Mo,219
Ut,215
Indonesia,214
Sri Lanka,210
London,206
The Netherlands,205
Bangalore,204
Md,204
Texas,199
Bulgaria,193
New Jersey,188
Tn,184
In,183
Florida,178
Vietnam,171
Serbia,166
Ohio,160
Malaysia,159
England,153
Dc,152
Utah,144
Michigan,142
Croatia,140
Hong Kong,139
Taiwan,137
Nepal,137
Earth,137
Al,133
Belarus,132
Nj,131
Virginia,125
Massachusetts,119
Maryland,119
Pennsylvania,116
Colombia,115
Slovenia,114
Minnesota,112
Thailand,112
Slovakia,111
Europe,110
Chennai,107
Colorado,107
Chile,107
Estonia,106
Delhi,105
South Korea,99
New York,98
Wisconsin,97
Lithuania,96
North Carolina,95
Sc,95
Latvia,91
Ne,89
New Delhi,89
San Francisco Bay Area,88
Ky,86
Illinois,86
Pune,85
Oregon,84
Nigeria,82
Ct,80
Arizona,79
Ok,77
Ks,75
Venezuela,74
Ia,74
Indiana,72
Peru,70
Jordan,68
Nv,68
Scotland,67
Hyderabad,66
Georgia,66
Ontario,66
United Arab Emirates,66
Connecticut,65
Id,65
Kenya,63
Kerala,63
Uruguay,62
Tunisia,60
Ahmedabad,59
La,58
Berlin,56
Lebanon,56
Mumbai,55
Nh,53
San Francisco,52
Dominican Republic,51
Iowa,50
Paris,48
Quebec,48
Nm,48
Morocco,45
Us,45
Tennessee,45
Ar,44
Iceland,43
Istanbul,42
Costa Rica,42
Algeria,42
Armenia,41
New Hampshire,41
Bc,41
Missouri,40
Nyc,39
Delaware,39
Gujarat,38
Malta,36
Saudi Arabia,36
Bosnia And Herzegovina,36
Seattle,35
Cyprus,35
Los Angeles,35
Macedonia,35
Moscow,35
Moldova,35
Kansas,34
Brasil,34
Silicon Valley,33
Oklahoma,33
Chicago,32
Sydney,32
Ri,32
Tehran,31
Syria,31
Washington,30
Amsterdam,29
New York City,29
Indore,29
Barcelona,29
Kentucky,29
Maine,28
On,28
South Carolina,28
Wv,28
Ghana,27
Mt,27
Alabama,27
Hi,27
Republic Of Latvia,26
Beijing,26
Arkansas,26
Azerbaijan,25
Myanmar,25
Kazakhstan,25
Me,25
Ak,24
De,24
Southern California,24
Jaipur,23
Ms,23
Cuba,22
Ecuador,22
Republic Of Lithuania,21
Nebraska,21
Idaho,21
Guatemala,21
Vt,21
Luxembourg,21
Montreal,21
Boston,21
Nd,20
El Salvador,20
Bolivia,19
Vermont,19
Kuwait,19
Paraguay,18
Toronto,18
Louisiana,18
Rajkot,17
District Of Columbia,17
Maharashtra,17
Tamil Nadu,17
Noida,17
Puerto Rico,17
Republik Indonesia,17
Shanghai,17
San Diego,16
Mauritius,16
Ethiopia,16
Munich,16
Uzbekistan,16
Cambodia,16
Vienna,15
Banglore,15
Northern Ireland,15
Madrid,15
Here,15
Planet Earth,15
Rhode Island,15
Washington Dc,14
Jamaica,14
Vancouver,14
Uganda,14
British Columbia,14
127.0.0.1,14
Karachi,14
Asia,13
Melbourne,13
México,13
Internet,13
Stockholm,12
Wales,12
Kyrgyzstan,12
Lahore,12
Qatar,12
Albania,12
Rio De Janeiro,12
Manchester,11
Chandigarh,11
Sd,11
Bahrain,11
Atlanta,11
Qc,11
Kolkata,11
Alaska,11
Dhaka,11
Warsaw,11
New Mexico,10
Nagpur,10
Kathmandu,10
Prague,10
Ernakulam,10
Somewhere,10
Nl,10
South Dakota,10
Tamilnadu,9
Pittsburgh,9
Buenos Aires,9
Budapest,9
Kampala,9
Bavaria,9
Hawaii,9
European Union,9
Edinburgh,9
Dublin,9
Oman,9
D.c.,9
Montana,9
Pacific Northwest,9
Palestine,9
Bucharest,9
The Internet,8
Surat,8
Trinidad And Tobago,8
Québec,8
São Paulo,8
-,8
Wy,8
Bristol,8
Tanzania,8
Bhubaneswar,8
Alberta,8
Zambia,8
Mars,8
Western Australia,8
Nova Scotia,8
Vadodara,8
World,8
Iraq,8
India.,8
Cape Town,8
East Coast,8
Victoria,8
Fiji,8
Dubai,7
Mississippi,7
Kiev,7
Gurgaon,7
Minsk,7
Nicaragua,7
Zimbabwe,7
Gandhinagar,7
United States Of America,7
Everywhere,7
Saint-petersburg,7
Coimbatore,7
Yangon,7
Tokyo,7
Uae,7
Panama,7
Afghanistan,7
Kansas City,7
Nairobi,7
Montenegro,7
Vic,7
Belgrade,7
Bengaluru,7
Minneapolis,6
Mexico City,6
Korea,6
Kharkov,6
Hamburg,6
Goa,6
Glasgow,6
Copenhagen,6
Chicagoland,6
Punjab,6
Queensland,6
Wyoming,6
Brisbane,6
Rome,6
Russian Federation,6
Yorkshire,6
Sf Bay Area,6
/dev/null,6
West Bengal,5
Mid West,5
Antarctica,5
Brighton,5
Washington State,5
Washington D.c.,5
Nz,5
Northern Virginia,5
Yemen,5
Ankara,5
Rs,5
Eu,5
Milan,5
Northern California,5
Salt Lake City,5
Viet Nam,5
Berkeley,5
Trivandrum,5
U.s.,5
New England,5
Belfast,5
Islamabad,5
Jakarta,5
Nashville,5
Barbados,5
Milky Way,5
Bangalore India,5
Las Vegas,5
Oslo,5
Baltimore,5
Lisbon,5
Sofia,5
Madurai,5
Cairo,5
Auckland,5
Philadelphia,5
Central Europe,5
Central Florida,5
Türkiye,5
Colombo,5
Cyberspace,5
Dallas,5
,4
中国,4
Zurich,4
Www,4
Wuhan,4
Wrocław,4
Worldwide,4
West Virginia,4
Uk.,4
Ua,4
The Universe,4
The Moon,4
The Matrix,4
Sudan,4
Sp,4
Somewhere Over The Rainbow,4
Socal,4
Siberia,4
Rwanda,4
Rotterdam,4
Republic Of Korea,4
Pr,4
Portland Or,4
Pl,4
Ph,4
Perú,4
Perth,4
Ottawa,4
North America,4
Neverland,4
N/a,4
Mongolia,4
Miami,4
Manitoba,4
Manila,4
Maldives,4
Localhost,4
Lisboa,4
Libya,4
Kurdistan,4
Kent,4
Karnataka,4
Jalandhar,4
Izmir,4
Honduras,4
Home,4
Helsinki,4
Hanoi,4
Guangdong,4
Gibraltar,4
Gdańsk,4
Galicia,4
Faroe Islands,4
Cayman Islands,4
Catalunya,4
Cape Cod,4
Cameroon,4
Brussels,4
Brooklyn,4
Boston Area,4
Bermuda,4
Assam,4
Anhui,4
Africa,4
Kosovo,3
Oz,3
Thessaloniki,3
Varanasi,3
Groningen,3
Sydney Australia,3
Df,3
Indianapolis,3
Se Usa,3
Crete,3
Srilanka,3
Bangkok,3
Liverpool,3
Deutschland,3
Madhya Pradesh,3
Eastern Europe,3
Mohali,3
Corsica,3
Varna,3
Odisha,3
Pakistan.,3
North Dakota,3
Denver,3
Seoul,3
La Jolla,3
Northampton,3
Nantes,3
Poznań,3
Nsw,3
Zagreb,3
Houston,3
Bangaluru,3
Udaipur,3
Delhi India,3
Ulaanbaatar,3
Orlando,3
Athens Greece,3
Botswana,3
Boston Ma,3
Udupi,3
Dehradun,3
Kathmandu Nepal,3
Fr,3
Haryana,3
Bandung,3
Scandinavia,3
Zürich,3
Johannesburg,3
U.s.a.,3
North Rhine-westphalia,3
Angola,3
Jiangsu,3
Behind You,3
Kyiv,3
Holland,3
Leuven,3
Cleveland,3
Bay Area,3
Long Island,3
Moon,3
Pacific Nw,3
Sindh,3
San Jose,3
Middle East,3
Ab,3
The World,3
Tirunelveli,3
Kochi,3
The Earth,3
Palo Alto,3
Montevideo,3
Vellore,3
Lviv,3
Universe,3
Tbilisi,3
Kharkiv,3
Tasmania,3
Kharagpur,3
Fremont,3
Baku,3
Bhopal,3
Baroda,3
Canary Islands,3
Sicily,3
America,3
Monaco,3
Tajikistan,3
Cochin,3
Cz,3
Ro,3
Prince Edward Island,3
Taipei,3
Mangalore,3
Lucknow,3
Roorkee,3
Northern Germany,3
Namibia,3
São Paulo - Brasil,3
Sao Paulo,3
Allahabad,3
Curacao,3
Việt Nam,3
Beijing.china,2
Kyrgyz Republic,2
Yucatán,2
Ga Usa,2
University Of Maryland,2
Computer,2
North Wales,2
Ind,2
St. Petersburg,2
Columbus,2
Turkiye,2
French Riviera,2
French Polynesia,2
Basque Country,2
Turkmenistan,2
Nadiad,2
San Antonio,2
Frankfurt Am Main,2
Frankfurt,2
Banja Luka,2
Suomi,2
St. Louis,2
N. Ireland,2
Pdx,2
Cluj-napoca,2
München,2
Pb,2
Omaha Nebraska,2
Rochester,2
Bali,2
Mashhad,2
City Of Angels,2
Mysore,2
Christchurch,2
Il Usa,2
Ba,2
Umd,2
Sol 3,2
Flanders,2
Portland Oregon,2
Oklahoma City,2
Paris France,2
None,2
Okinawa Prefecture,2
My Desk,2
~/,2
Chicoutimi,2
Paris (france),2
Austin Tx,2
South Australia,2
Aurangabad,2
Paraná,2
Stuttgart,2
Papua New Guinea,2
South Of France,2
Hyrule,2
Chia,2
Chevy Chase Md,2
Faridabad,2
Rajasthan,2
Multiverse,2
Chennai(india),2
Srinagar,2
Oakland Ca,2
Hyd,2
Nizhny Novgorod,2
Twin Cities,2
Poland/germany,2
Upstate Ny,2
Nijmegen,2
United Kindom,2
Magyarország,2
Wa Usa,2
Raipur,2
Nyc Area,2
Sg,2
Ch,2
Espoo,2
Madagascar,2
Antwerp,2
Mother Russia,2
Honolulu,2
Erode,2
Niagara Falls,2
Thrissur,2
St.petersburg,2
Ann Arbor,2
Somewhere In This World,2
Sabah,2
Karlsruhe,2
Ng,2
Catalonia,2
Mordor,2
Topdroidbox,2
Cardiff,2
Ekaterinburg,2
Capital Federal,2
Sf,2
Amritsar,2
Newfoundland,2
Hertfordshire,2
Seychelles,2
Newcastle Upon Tyne,2
Canada.,2
Sarajevo,2
Kaliningrad,2
Wisconsin Usa,2
Kakinada,2
Cambridge,2
Hell,2
Trichy,2
Planet Mars,2
East Midlands,2
Jupiter,2
Quebec City,2
Calgary,2
Hcm,2
Vilnius,2
Ns,2
Sichuan,2
U.s,2
Quad Cities,2
Santa Monica,2
Ahemdabad,2
Jodhpur,2
Hangzhou China,2
Durgapur,2
北京,2
Burundi,2
Qld,2
Hamburg / Germany,2
Abidjan,2
Jerusalem,2
Haiti,2
London Uk,2
Haarlem,2
Dresden,2
Mississauga,2
Göteborg,2
Reykjavík,2
Brugge,2
Nowhere,2
Lombok,2
Dortmund,2
Utopia,2
New South Wales,2
New Orleans,2
Gujrat,2
Pilsen,2
Pilani,2
Location,2
Minn.,2
Utrecht,2
Santa Cruz,2
Guangzhou,2
Reunion,2
Sverige,2
Waterloo,2
Phl,2
Space!,2
Greenland,2
Green Bay,2
Milkyway,2
Swaziland,2
Italia,2
Istanbul/turkey,2
Greater Philadelphia Area,2
Milky Way Galaxy,2
Greater Chicago Area,2
Isreal,2
Shimla,2
Graz,2
Isle Of Man,2
Shillong,2
Yekaterinburg,2
Southeast,2
Gothenburg,2
Bombay,2
/usr/bin,2
Southampton,2
Good Ol' Usa,2
Dc Metro Area,2
Midwest,2
Bogota,2
San Marino,2
Nevada,2
Skyrim,2
Puducherry,2
Iri,2
Seattle Area,2
Dallas-fort Worth International Airport,2
Dallas Tx,2
Iran-tehran,2
Remote,2
Leeds,2
Girona,2
Birmingham,2
Tr,2
Bilbao,2
Bikaner,2
Vancouver Bc,2
Tashkent,2
San Francisco Ca,2
Interwebs,2
Tel Aviv,2
Tampa Fl,2
Tampa,2
Czechia,2
Nederland,2
Tunis,2
Ontario Canada,2
Tabriz,2
Online,2
Ne Uk,2
Mg - Brazil,2
Pretoria,2
Persia,2
Sonora,2
Benin,2
Redmond,2
Various,2
Bellevue Wa,2
Gdynia,2
Pr - Brazil,2
Solar System,2
België,2
Lagos,2
Belgique,2
Cornwall,2
Nashik,2
Melbourne Australia,2
Beirut - Lebanon,2
On Air,2
Swansea,1
Sw Montana,1
Sverdlovskaya Oblast,1
Sv,1
Surrey,1
Suriname,1
Texas   Florida   Newyork,1
Superior. Wi,1
Sunny Ventnor. Uk,1
Sullia,1
Suite 200 Mississauga On,1
Suisse,1
Suid Afrika,1
000',1
Strasbourg,1
Stoke On Trent - United Kingdom,1
Stoke On Trent,1
Stoke,1
Texas / Netherlands,1
Staten Island,1
State College Pa,1
Stanford,1
Stackoverflow.com@askmarcos.com,1
St. Petersburg / Montpellier,1
St. Lucia,1
St. Gallen,1
Sri-lanka,1
Sri Lanka.,1
Sri Lanka Galle,1
Texas And Vicinity,1
Srbija,1
Split,1
Spain / Oslo,1
Spain (originally South Africa),1
Texas/us,1
Spaiin,1
Space,1
Sp - Brazil,1
Sp - Brasil,1
0.0.0.0,1
Southern Oregon,1
Southern Callifornia,1
That Place Where I Am,1
Southeastern Us,1
Southeastern Pennsylvania,1
South-east Of France,1
South-africa,1
South Wales,1
South Sf Bay Area,1
The Abyss,1
South Jersey,1
South India,1
South Germany,1
South Georgia And The South Sandwich Islands,1
South East Uk,1
South East England,1
The Back Of Beyond,1
South Central Wisconsin,1
The Bahamas,1
South Arica,1
South African Living In The Netherlands,1
South Africa/france,1
South Africa / Taiwan,1
The Caribbean Sea,1
South Afirca,1
Sorocaba / Brazil,1
Sorel-tracy,1
Sophia-antipolis,1
Somwhere Inside India,1
Somewhere With Internet,1
0)=0$,1
Somewhere Outhere,1
Somewhere On The Earth,1
Somewhere On Longitude 6°,1
Somewhere On Earth,1
Somewhere Near The Inner Rim Of The Orion Arm,1
Somewhere Near A Hill,1
Somewhere In The Vicinity Of Sol,1
Somewhere In The Inner Workings Of The Python Api,1
Somewhere In Lower Saxony,1
Somewhere In Italy,1
Somewhere In Germany,1
Somewhere In Georgia,1
Somewhere In Europe,1
Somewhere In Canada,1
Somewhere In California,1
Somewhere Far Away,1
Somewhere Between Tokyo And Paris,1
Somewhere Between The North & South Pole,1
Somewhere Between 60n-28n And 77w-36e,1
Somewhere Between 1 And 0,1
Somewhere :d,1
The Charles River,1
Sometimes Earth,1
Some Where Between This World And The Other,1
Somalia,1
Solna,1
Solar Interstellar Neighborhood,1
Sol-3,1
Sol System,1
Sol,1
The City Of Discovery,1
0,1
So.cal,1
Snakesville,1
Slovenija,1
The Cloud,1
The Commonwealth Of Massachusetts,1
Slovak,1
Slc Utah,1
Slc,1
Sky Land,1
Skikda,1
Skaro,1
Sitapur,1
Singapore/malaysia,1
The Computer Screen,1
Simulated Reality,1
Simon Fraser University,1
Simfiropol,1
Sillicon Valley,1
Siliguri,1
The Crust,1
Sikkim,1
/usr/dcat,1
Shiraz,1
Shibuya,1
Shhhhhhhhh,1
Shetland,1
Sherbrooke Quebec Canada,1
Shenzhen China,1
Shenzhen,1
Sheffield. United Kingdom,1
Sheffield,1
Shanhai China,1
Shanghai.china,1
The Czech Republic,1
Shandong,1
Shaaxi,1
Sh,1
The Death Star,1
Sf Bay,1
Sf And Nyc,1
Sevilla,1
The Deep Recesses Of The Internet.,1
Seoul/korea,1
Seoul (south Korea); Indonesia,1
Senegal,1
Semarang,1
Selangor,1
Sector 4,1
Sector 001,1
The Dunes,1
Sdq,1
Sda1,1
Scottsdale Az ↔ Paris Fr,1
Scott,1
Scotland.,1
The End Of The Universe,1
Science Station Theta,1
Schwerte,1
Schnitzelland (austria :),1
Sc - Brazil,1
The Great Southern Land,1
Sby,1
Savoie,1
The Great White North,1
Saturn,1
Saratov,1
Saransk,1
Santo Domingo,1
Santa Catarina,1
Santa Barbara,1
Sangli,1
Sandwiched In Your Smelly Armpit,1
Sandpoint Idaho,1
Sanandaj,1
San Rafael,1
San Jose/new Jersey/new York,1
San Jose Ca,1
San Francisco Bayarrhea,1
The Grid,1
The Hague,1
San Fran,1
The Hundred Acre Wood,1
Samsun,1
Sammamish,1
Saltspring Island,1
The Internet (all Cardinal Directions),1
Salerno,1
Salem Or,1
The Internet.,1
Saint Petesburg,1
Saint Petersburg Russia,1
Saint Moscow,1
Sai Gon - Viet Nam,1
Saharanpur,1
Sacramento,1
Saarland,1
Saarbruecken,1
/usr/bin/python,1
Rvk,1
Rutland,1
Rustenburg South Africa,1
The Intertubes,1
Russia Samara,1
Russia / South Korea,1
Russia (новосибирск,1
The Interweb,1
Ruet,1
Rsa/gb,1
Rs - Brazil,1
The Kingdom Of The Netherlands,1
Royal Borough Of Kingston Upon Thames,1
Rourkela,1
Rotterdam - Netherlands,1
/usr/bin/,1
Rosario,1
România,1
Romford,1
The Land Of England,1
The Land That Snow Forgot,1
Roi,1
Rocky Mountain Empire,1
Rock,1
Rochester Institute Of Technology,1
Roc,1
Robot Hell,1
Roanoke Va,1
Riyadh,1
Riverland,1
Riverhead,1
Rivendell,1
Ritterhude,1
Rio Negro,1
Rio De Janeiro/brazil,1
Rio De Janeiro - Rj - Brazil,1
The Midwest,1
Riga Latvia,1
Riga,1
Richmond Va,1
The Milky Way,1
Rhone-alpes,1
The Moon. Also London.,1
Rf,1
Reunion Island,1
The Onlines,1
Republic Of Texas,1
The Other New York,1
The Peach Blossom Spring,1
Republic Of Kosovo,1
Republic Of Kosova,1
Republic Of Kazakhstan,1
Republic Of China,1
Republic Of,1
Rennes,1
Remote Alaska,1
Regensburg,1
Redondo Beach,1
Redmond Wa,1
Redlands Ca,1
Recife,1
Reading,1
Re - Italy,1
Ravenna,1
Ratnagiri,1
Ratisbon,1
Randburg,1
Ranchi,1
Raleigh Nc,1
Raleigh / North Carolina / Usa,1
Rajsthan,1
Rajkt/ahmbd,1
The Philippines,1
Rajasthan India,1
Raipur (c.g.) India,1
Radovljica,1
Rabat,1
R136a1 Β,1
The Road,1
Quito,1
Quezon (philippines),1
Queenstown,1
The Stack,1
Queens Nyc,1
Queen Mary University London,1
The State Of Confusion,1
Qrypton... Currently Earth,1
Qingdao,1
Qd,1
Qc. Canada,1
Qc Canada,1
The States,1
The Swirling Mass Of 1s And 0s,1
Qassim,1
The United Kingdom Of Great Britain And Northern Ireland,1
Pune(ind),1
Pune Maharastra India,1
The United Sates Of America,1
Puget Sound,1
The United States Of America,1
Probably In Maine,1
Probably Hiding From You,1
Probably Crowd Surfing On Unicorns,1
Probably At My Laptop,1
Pretzland,1
Preston,1
Prague - Czech Rep.,1
The Us Of A,1
/root,1
Portuigal,1
Portugal/netherlands,1
The West,1
Portual,1
Porto Alegre - Rs,1
Porto,1
Portland.,1
/milky_way/solar_system/earth/europe/france,1
Portland,1
Port Jefferson Station,1
Porlamar,1
Porbandar,1
Poltava,1
Pollachi,1
Poland/netherlands,1
Poland | Tomaszow Lubelski,1
Poland Czestochowa,1
Poland / Wrocław / Zielona Góra,1
Poland / Uk,1
Poland / Berlin,1
The Wild Wild Midwest,1
Pokhara,1
Podgorica,1
Plymouth,1
Ploiesti,1
Plante Earth,1
The Woods,1
Planet Don,1
Places Near And Far,1
/location.jpg,1
Pittsburgh Pa,1
Pisa,1
Pierce County,1
Phoenix Az,1
Phoenix,1
Philly!,1
Philly | Seattle,1
Philly Area,1
Phillipines,1
The World Is A Very Small Place!,1
Philadelphia Pa,1
The World Is Flat,1
Philadalphia,1
Phase Space,1
/home/okihara/,1
Petrópolis,1
Peshawar Pakistan,1
Peshawar,1
/home,1
There Is No Place Like 127.0.0.1,1
/developer,1
Persian Gulf,1
Pernambuco,1
Pennsyltucky,1
Penn State University,1
Pencilveinea,1
Penang Malaysia,1
Penang,1
Pembury,1
Pelotas,1
Peking Vietnam,1
Peking,1
Pdx!,1
Payneham,1
Parts Unknown,1
Paris/france,1
Paris 1er Arrondissement,1
Third Rock From The Sun,1
Paraíba - Brasil,1
Thiruvananthapuram,1
Pandharpur,1
Panchal,1
This.private_stuff.getlocation(),1
Pampanga,1
Palo Alto Ca,1
Palestinian Territories,1
Thoothukkudi,1
Palakkad,1
Paisley Uk,1
Pacific Ocean,1
Pacific Nw Usa,1
Tiawan,1
Pa Usa,1
Pa - Usa,1
Tijuana/san Diego,1
P.r.c,1
Overmind,1
Over The River,1
Outter Space,1
Outer,1
Outdoors,1
Oulu,1
Oujda,1
/dev/urandom,1
Other Side,1
Other,1
Ota-ku,1
Osoyoos British Columbia Canada,1
Osnabrück,1
Timisoara,1
Oshawa,1
Osaka,1
Orlando Fl,1
Orissa,1
Oregon/washington,1
Oregon Usa,1
Oregon And In Between,1
Timor Leste,1
Orbiting The Sun (more Precisely: Probably Prague),1
Orange County California,1
Orange County,1
Oran,1
Or Probably Skiing.,1
Opolskie,1
Tirupati,1
On.,1
On Ubuntu,1
On The Web,1
On The Server Farm,1
On The Internets,1
On The Internet.,1
On The Earth Bellow The Sky,1
On My ,1
On Earth.,1
On Canada,1
On A Computer,1
On A Bike,1
On & Portland,1
Tirupur,1
Omicron Persei-8,1
Omicron Persei 8,1
Tirupur.,1
Olympus,1
Olympieion,1
Oldest City In The World,1
Titirangi,1
Ok / Dulles,1
Tlaxcala,1
To The Right.,1
Oh Usa,1
Oh Canada!,1
Tokyo 141-0032 Japan,1
Oceania,1
Oblivion,1
Object Ville,1
Oberschwaben,1
Oakland Mi,1
O'er The Hill,1
Tomsk,1
Nyc/outer Space,1
Top Secret Hiding Place,1
Ny/nj Border,1
Ny-100007,1
Ny Usa,1
Ny And/or Maui,1
Ny - The Land Of Pain,1
Ny (not Nyc),1
Ny & Temecula,1
Toronto Canada,1
Nuremberg Germany,1
Nulltown,1
Nullsvile,1
Toronto Islands,1
Ntu.edu.sg,1
Nsw Australia,1
Nsk,1
Nrw / Germany,1
Nrw,1
Np,1
Noyb,1
Nowhere To Be Found,1
Nowhere Land,1
Novorussia,1
Novemberland,1
Toronto On,1
Nova,1
Nottingham,1
Nothern Germany,1
Notepad++,1
Not Quite Sure...help Me?,1
Not Kangaroo),1
Not In Kansas,1
Not Constantinople,1
Not Birch Tree,1
Not Behind You,1
Toulouse - France,1
Norwalk,1
Northwestern United States,1
Northwest Usa,1
Northwest Suburbs Of Chicago,1
Northwest Indiana,1
Northwest Europe,1
Northwest Arkansas,1
Northern Va,1
Northern Mn,1
Trang,1
Northern Hemisphere,1
Northern Germany (hq),1
Northern Europe,1
Northern Cyprus,1
Transilvania,1
Northeastern Us,1
Northeastern Illinois,1
Northeast Us,1
Northeast U.s.,1
Northeast,1
North-west England,1
North Wales. Uk,1
North Uk,1
North Texas,1
North Pole,1
North Miami,1
North Korea,1
North Hills,1
North Florida,1
North East Lincolnshire,1
North East England,1
North Cyprus / United Kingdom,1
Transylvania,1
/dev/null/,1
Norcal,1
Nomadic,1
Nomad,1
Noida India,1
Noida Delhi India,1
Noida (india),1
Traveling,1
Nocera Inferiore,1
No Where,1
No Idea,1
Nm Usa,1
Traveling In Oz,1
Traveller,1
Tre,1
Nizhy Novgorod,1
Nizhegorodsky Reg.,1
Nil,1
Nigria.,1
Nigeria.,1
Trento,1
Niedersachsen,1
Trenzalore,1
Ni,1
Nh/vt,1
Nh Seacoast,1
Trichur,1
Next To You,1
Next To Gham,1
Newyork,1
Newdelhi India,1
Newark,1
New-york,1
New Zealand / Singapore,1
New Zealand (previously United Kingdom),1
New York; Shillong,1
New York. Ny,1
New York-ish,1
New York Usa,1
New York State - Usa,1
New York Metropolitan Area,1
New York City Area,1
New York City / Hilton Head Island,1
Trinec,1
New York And New Orleans,1
Trinidad,1
Trinidad & Tobago,1
Tripoli Libya,1
Trivandrum Kerala,1
New England (usa),1
Trondheim,1
New Delhi India,1
Tropical Island,1
New Dehi,1
New Castle,1
New Caledonia,1
New Brunswick,1
New Broomstick,1
New Bogota,1
Neverland (ranch),1
想像フォレスト,1
Netherlands Antilles,1
Netherlands / Spain,1
Tucson Az,1
Netherland,1
Nerdvana,1
Tucuruí - Pará,1
Nellore,1
Neither Here Nor There,1
Near Paris,1
Near Mountians,1
Near Boston,1
Near Apple Hq,1
Ne Usa,1
Turkeu,1
Ndia,1
Turkey / Istanbul,1
Turkey/antalya~baku/azerbaijan,1
National University Of Singapore,1
Natal,1
Nasik,1
Turkey/istanbul,1
Naples,1
Nanded,1
Nan,1
Namakkal,1
Nakuru,1
Nainital,1
Na,1
/dev/kmem,1
N.ireland,1
N.b. Canada,1
Münster,1
México Df,1
Tustin,1
Mytilene,1
Tuvalu,1
My Swamp,1
My Standing Desk,1
My Secret Lab,1
My Mind Is Open,1
My Mac,1
My House,1
My Home Town,1
Mx,1
Murfreesboro Tn,1
Munich. Germany,1
Munich Germany,1
Tver,1
Mumbra,1
Mumbai India,1
Mumbai - India,1
Tw,1
Mumabi,1
Multan,1
Mulhouse,1
Mt Eden,1
Twisted Treeline,1
Mp,1
Mozambique - Maputo,1
Mozambique,1
Moving To Germany,1
Moving Along  Through A Mind,1
Mountain View California,1
Motive,1
Mostly,1
Moskow,1
Twitter - @ray7ang,1
Morogoro-tanzania,1
Tx Usa,1
More Near The North Pole Then I'd Like To Be,1
Tx.,1
Montpellier,1
Montereale Valcellina (italy),1
Tübingen,1
Türkei,1
Montaletto,1
/* No Comments */,1
Mompós,1
Moldova / Romania,1
U.k,1
Mohali India,1
Mobile,1
Mo/il,1
Mo Usa,1
Mo - Mst,1
U.k.,1
Mittelerde,1
Mit Csail,1
Missoula,1
Ua.,1
Uberlandia,1
Minnesota/iowa,1
Minnesota Usa,1
Uc-b,1
Minneapolis Mn,1
Ucsd,1
Minas Gerais - Brasil,1
Minas Gerais,1
Milwaukee,1
Milliways,1
Milkyway Galaxy,1
Milky-way,1
Milkway,1
Milan Italy,1
Mighican,1
Midwestern Usa,1
Midwestern United States,1
Midwest Usa,1
Midland Mi,1
Middletown Ct,1
Middlesex,1
Middlesbrough,1
Middle-earth,1
Middle Of The United Kingdom,1
Middle Earth,1
Mid-fl.,1
Mid-atlantic Northam,1
Ufa,1
Microverse,1
Microsoft,1
Uga,1
Miami Florida,1
/,1
Mi; Guadalajara Mx,1
Uk 2,1
Mh,1
Uk Manchester,1
Uk | Poland,1
Mexicali,1
Mex,1
Mersin/turkey,1
Merced,1
Memphis Tn,1
Melo,1
Melbourne || Auckland,1
Ukrain,1
Melaka,1
Meknes,1
Mehrshahr,1
Medina. Ohio,1
Medford,1
Mea,1
Ukraine / Germany,1
Mda,1
Md/dc,1
Md.,1
Md Usa,1
Md And New York,1
Md (usa),1
Ukriane,1
Mbabane,1
Mb Canada,1
Mauritania,1
Matão-sp Brazil,1
Mathura,1
Ulanbator,1
Umass Lowell,1
Mars Planet,1
Markham,1
Mariowii:world1,1
Maringá/pr,1
Mardan,1
Maputo,1
Manticore-b,1
Mans,1
Mannheim,1
.se,1
.ro,1
Manhattan,1
Mandi,1
Mandaluyong Philippines,1
Under Your Bed,1
Manaus,1
Manassas Va,1
Malvern,1
Underground,1
Malibu Canyon,1
Mali,1
.fl.us,1
Malaysian,1
Undisclosed,1
Malawi,1
Malaga Spain,1
Uni Hamburg,1
United Kingdom - London,1
Madrid-spain,1
United Kingdom / Thailand,1
Madison,1
United Kingdom Birmingham,1
Macbook,1
Macau,1
Ma || Ri || Ct,1
Ma | Montreal | Capbreton France,1
Ma Area,1
Ma And Boulder,1
Ma  Usa,1
United Kingdom London,1
M31,1
M.p,1
Lyon And Soon Santa Monica,1
Lyon (france),1
Lviv.ua,1
Lv-426,1
Luxemburg,1
Luxembourg & Heidelberg,1
United Kingdom/greece,1
Ludhiana(india),1
Ludhiana,1
Lucerne,1
Lucaria,1
Luanda,1
Lower Saxony (germany),1
Lower Saxony,1
Lower 48,1
Low Earth Orbit,1
United States (but Travelling),1
Loughborough,1
Lost In The Interwebs,1
Lost,1
Los Angles,1
United States - East Coast,1
Looking At The Flow Of Data,1
London- Uk,1
London Ontario Canada,1
London / Lyndhurst,1
United States / Mexico,1
Lomas Del Mirador,1
Loess Plateau,1
Lodz,1
Lodi,1
Localhost:80,1
.de,1
Local,1
Lleida,1
Ljubljana,1
Livonia,1
Little Venice,1
United States And Portugal,1
United States Of America.,1
.be / .de / .ch,1
Linköping,1
Limburg,1
Limbo,1
Limbe,1
Lillesand Norway / Santiago Chile,1
Lille (france),1
Liechtenstein,1
.au,1
Liberty City,1
Liaoning,1
Letterkenny (ireland) ... But Im From Spain,1
Letchworth,1
Leipzig,1
Leiden University Medical Center,1
Leicester,1
Lehigh University,1
Leeuwarden,1
Lecce,1
Le Grande Pomme,1
Le City - Germany,1
Universe ★,1
University Of Connecticut,1
Las Piñas City,1
Las Palmas,1
Lapaz,1
Lansing Mi,1
Landshut,1
Land Of Cotton,1
Lancaster,1
Lancashire Uk,1
Lancashire,1
Lalaland,1
Lakeland,1
Lake Tahoe Region,1
Lahore Pakistan,1
University Of Hawaii At Manoa,1
Lab Room,1
La16 7jd,1
University Of Illinois At Chicago,1
Köln,1
Kyzylorda,1
University Of Illinois At Urbana-champaign,1
Kuwait City,1
Unknow Galaxy,1
Kurukshetra,1
Kurdistan-sna,1
.at,1
Kuopio,1
Kumanovo Municipality,1
Kumamoto Prefecture,1
Kuala Lumpur,1
Ktm,1
Unknown,1
Krypton,1
Krk,1
Krasnoyarsk,1
Krasnodar,1
Kraków,1
Krakow/poland,1
Kozhikode,1
Koyilandy,1
Kota,1
Kosova,1
Korea. S.,1
Up,1
Kolong Jembatan (gelandangan),1
Kolkta,1
Upper Bavaria,1
Kolhapur,1
Kola Peninsula,1
Koh Samui,1
Kocaeli,1
Known Universe,1
Klagenfurt,1
Kitwe,1
Kittyland,1
Kitchener On,1
Kissenbrück,1
Kishinev,1
Kirov Region,1
Kirov,1
Kirkland,1
Kingwood,1
Kingsport,1
Kingsotn Ontario,1
Kingdom Of Saxony,1
Uppsala Sweden,1
Khonkaen. Thailand,1
Khartoum / London,1
Khartoum,1
Kerala(india),1
Kerala India,1
Us Or Nl,1
Us Virgin Islands,1
Usa / Netherlands,1
Kent England,1
..?/universe/milkyway/earth/asia/india/tamilnadu/tiruppur.,1
Kelowna Bc,1
Kc,1
Kazan,1
Usa / Tr,1
Kaul Afghanistan,1
Usa!,1
Kasterborous,1
Kashmir.,1
...,1
Karad,1
Karachi Pakistan,1
Ussr,1
Kansas..),1
Kansas City Metro,1
Usu,1
Kansas (populated Area),1
Utc -0500,1
Kansai Region,1
Kanpur,1
Utc -6,1
Kamchatka,1
Kalundborg,1
Kalpi,1
Kalamazoo Michigan,1
Kalamazoo,1
Kadics City,1
Kabul Afghanistan,1
Jyväskylä,1
Just Outside Google Hq,1
Junín - Buenos Aires,1
Junagadh,1
Jpr,1
Jordan Amman,1
Jordan / Blacksburg,1
Utc+02:00,1
Johnstown,1
Jogja,1
Jhb South Africa,1
Jharkhand,1
Jayuya Pr,1
Jawa Timur,1
Java.lang.object@743b871f,1
Java Script,1
Japon,1
Japan / Hokkaido,1
Jamshoro,1
Jamshedpur,1
Jamrud Khyber Agency,1
Jammu,1
Utopia Planitia Fleet Yards,1
-96.172478,1
Uwi,1
Jaffna,1
Jacareí,1
Jabalpur,1
-79.9194,1
Ivalice,1
Itogami Island,1
Istanbul - Turkey,1
Va United States,1
Israeli,1
Va Usa,1
Ismailia,1
Isle Of Wight,1
Isle Of Lewis,1
Islamic Republic Of Iran(great Persia),1
Islamabad - Pakistan,1
Valcea,1
Isla Margarita,1
Is A Function Of Time.,1
Irving. Tx,1
Irving,1
Irvine,1
Irinjalakuda,1
Valencia,1
Irbid,1
Valsad,1
Iran Tehran,1
Iran Sanandaj,1
Vancity,1
Iram,1
Ir.iran,1
Intraweb,1
Interstellar Transport Station #854,1
Internetz,1
Internet!,1
Internet Cloud,1
Internet (currently London),1
Vapi,1
International,1
Intension,1
Inside The Jvm,1
Inside An Nsa Storehouse,1
Innsbruck / Austria,1
Inland Empire,1
Indramayu. Jawa Barat,1
Varies,1
Indiana University Bloomington,1
India/jaipur India,1
India/bharat/hindustan,1
India. Chennai.,1
India-tamilnadu-madurai,1
India(bharat),1
India New Delhi,1
India Gujarat Ahmedabad,1
India Banglore,1
India / Kerala,1
India - Mumbai,1
India - Dallas,1
India (delhi),1
India (currently In Kuwait),1
Vaud,1
Indai,1
Inc.,1
In Your Head,1
In Your Code,1
In The Shadows Behind You...,1
In The Ocean Somewhere...,1
In The Nullspace Of A Non-singular Matrix,1
In The Lake,1
In The Cold,1
In Pembrokeshire,1
In Front Of My Computer,1
In Front Of A Computer,1
In France,1
In Close Proximity To Bacon,1
In Another Universe,1
In A Pasture With Other Giant Cows,1
In 46901-4269,1
Imaginary Land,1
Illinois Usa,1
Vellore India,1
Ile-de-france,1
Il 60601,1
Il  Usa,1
Venezuelan In Chile,1
Iit Roorkee,1
Iit Kharagpur,1
Iit Kanpur,1
Ii Lvl Cache,1
Idaho's Portugal,1
Veracruz,1
Verona,1
Via New Zealand,1
Ibiza,1
Ibadan Nigeria,1
Iasi,1
Ia Area,1
Vic 3074,1
I.r.iran - Tehran,1
I.r.iran,1
I.o. Kashmir,1
Hyerabad,1
Hydrabad,1
Hyderbad,1
Hyderabad India,1
Vic 3434,1
Husum,1
Vicenza,1
Hunan,1
Https://www.cqse.eu/en/team/nils-goede/,1
Https://twitter.com/oowlsolutions,1
Http://www.strawberry-interactive.net,1
Http://www.maths.manchester.ac.uk/~burdges/,1
Http://www.2deals.net/,1
Http://telcoin.org,1
Http://rzr.online.fr,1
Http://nxs7.net/,1
Http://ksa-flh.com,1
Http://ignoranceofman.com/,1
Http://gopalakrishna.palem.in/,1
Http://geohash.org/9q8yyc,1
Http,1
Hr,1
Howrah,1
Hongkong,1
Hong Kong/china,1
Vietnam/singapore,1
-77.5,1
Homebush,1
Home Sweet Home,1
-76.774063,1
Hollywood,1
Holbæk,1
Hobbit Hole Down South,1
Hk,1
Highlands,1
High Wycombe,1
Hidden Leaf Village,1
Vijayawada - Hyderabad,1
Hessen,1
Herndon Va,1
Here And There,1
Vilniaus,1
Heraklion,1
Henderson,1
Henan,1
-76.302023 +/- 1%,1
Help,1
Hellas,1
Hell On Earth,1
Helensburgh,1
Heerlen,1
Heerjansdam,1
Heaven,1
Heap,1
Hcmc,1
Havana,1
Hattingen,1
Hassan,1
Harrogate,1
Harare,1
Har Hevron,1
Hanoi-vietnam,1
-163.000),1
Hampshire,1
Hamburg/germany,1
Viriginia,1
Hall Of Doom,1
Haifa Israel,1
Hades,1
Ha Noi University Of Science And Technology,1
Guyana,1
Guwahati,1
Gurgoan,1
Virtual,1
Guntur,1
Gunma Prefecture/japan,1
Virtual Mashine,1
Guinea-bissau,1
Guess,1
Guaynabo. Pr,1
Guayaquil,1
Virtual Reality And Planning On Staying For All Eternity,1
-120.0345,1
Gta,1
Groenland,1
Grenoble,1
Grenada,1
Greece & Brno,1
Visakhapatnam,1
Greater Twin Cities Area,1
Greater Seattle Area,1
Greater Seattle,1
Greater London,1
Greater Boston Area,1
Greater Atlanta Area,1
Great White North,1
Great Britain,1
Grand Rapids,1
Grand Line,1
Granada (spain),1
Gothenburg / Chalmers University Of Technology,1
Gotham City,1
Gotham,1
Gold Coast,1
Goiânia - Goias,1
Goiânia,1
Goettingen,1
Vishakapatnam,1
Go - Brazil,1
Gmt+1,1
Gmt -8:00,1
Gmt + 5:30,1
Gloucester,1
Globetrotter,1
Globe,1
Gliese 581g,1
Vishakapatnam.,1
Ginger Head Town,1
-115.298373,1
Ghetto-bucharest,1
Ghent Belgium,1
Ghent,1
Ghaziabad,1
Visual Studio,1
Germnay,1
Germany/hamburg,1
Germany/dresden,1
Germany And Uk,1
Germany And The Netherlands,1
Germany / Philippines,1
Germany / Edmonton,1
Germany & Poland,1
Germantown,1
Geraldton Wa,1
Geosynchronous Orbit,1
Volgograd,1
Genève,1
Genova,1
Geneve,1
Geelong,1
-------,1
Gb-esx,1
Gb,1
Gaza,1
Gauteng,1
Gardencity,1
Volos-greece,1
Galway,1
Gallifrey,1
---,1
Gaithersburg,1
Gabon,1
Ga.,1
Volta Redonda - Rio De Janeiro - Brazil,1
Fujian,1
From New Zealand,1
From Gachsaran Iranian Oil Roof,1
From Fiore,1
French Riviera (aka European Silicon Valley),1
French Guiana,1
Free()ing All Your Pointers.,1
Free And Democratic China,1
Fredericksburg Virginia,1
Frederick Md,1
France Paris,1
France And Greece Depending,1
France + Luxembourg,1
Vskp,1
Fra,1
Fort Wayne,1
Fort Lauderdale Florida,1
Forgotten Realms,1
Forest In Bohemia,1
Flyover Country,1
Florisa,1
Florin,1
Floridsa,1
Florida Usa,1
Vv Nagar,1
Florence,1
Flemish Region,1
Flagstaff,1
Fl Usa,1
Fl United States,1
Fl (tampa Bay Area),1
Vy Canis Majoris,1
Finnland,1
Vysočina,1
Finger Lakes,1
W00t,1
Figueira Da Foz,1
Fifty Three Seconds From Now,1
Festung Budapest,1
Ferrol (galiza),1
Ferrara,1
Fedora,1
Farroupilha - Rs,1
景德镇 - Beijing,1
Faroe Island,1
Far East Of Russia,1
Far Away From You…,1
Far Away,1
Falling Down All These Questions,1
Falling,1
Exosphere,1
Ex Ukraine,1
Everywhere And Nowhere,1
Wa And Portland,1
Evanston,1
Wa State,1
Europe/greece,1
Europe... Mostly,1
Europe (pl/uk),1
Europe (all Of It... I'm Really Fat),1
Europe & Asia,1
Eu || San Francisco,1
Walking To Mordor,1
Walldorf,1
Wanakbori Thermal,1
Espirito Santo,1
España,1
Espana,1
Eskişehir,1
Eskisehir,1
Esf,1
Wandering,1
Equestria,1
Epirus Ioannina Greece,1
Epimetheus,1
Warminster,1
Endland,1
En Sydney Australié,1
Emo's Email Hub,1
Emilia Romagna,1
Elsewhere,1
Elektrostal,1
Elbonia,1
Warrington,1
Eiwar,1
Eindhoven,1
Egypt.,1
Egypt / Masoura,1
Egypt - Tanta,1
Egypt - Cairo,1
Egypt & Saudi Arabia,1
Warsaw Poland,1
Edogawa-ku,1
Edmonton Alberta,1
Edmond Ok,1
Warsaw-poland,1
Edge Of The Galaxy,1
Warsaw/berlin/london,1
Eastland,1
Eastern Standard Time,1
Eastern Seaboard,1
East Timor,1
East Texas,1
East Coast Us,1
Warsaw/poland,1
East Ayrshire,1
East Anglia,1
East Africa,1
East & West,1
Earth: The Blue Planet.,1
Earth...i Think,1
Earth!,1
Earth Wide Webs,1
Earth ;),1
Earth :),1
Warszawa,1
E9940ave,1
Düsseldorf,1
Dynamics,1
Duluth,1
Duchy Of Grand Fenwick,1
Dubna,1
Dublin Ireland,1
Dublin / Ireland,1
Wash Dc,1
Dubai U.a.e,1
Washing Dc Metro Area,1
Drenthe,1
Drc,1
Downtown Burbank,1
Dotin.yep,1
Dos Hermanas,1
Donostia,1
Washington D.c,1
Dominica,1
Dolny Śląsk,1
Dogland,1
Dnipropetrovsk,1
Dniprodzerzhyns'k,1
Divnogorsk,1
District Of Columbia Metro Area,1
Washington State University,1
Dirba,1
Dindigul,1
Dijon,1
Dfw,1
Devonport Auckland  New Zealand,1
Dever Colorado,1
Dever,1
Detroit → Harlem,1
Detroit Metro,1
Derby Uk,1
Depth Of Os,1
Depends,1
Denver Co,1
Waterloo On Canada,1
Democratic Republic Of Congo,1
Delshi,1
Delhi/ghaziabad/ncr,1
Delhi-ncr,1
Delhi Ncr,1
Wdc,1
Delawarez,1
Web,1
Deia,1
Definitely.,1
Deep South,1
Declarative World,1
Debrecen,1
Deathstar,1
De Snj,1
Web Browser,1
Dc Metro,1
Dc For School,1
West Coast,1
Davis Ca,1
Darmstadt,1
Dark Side Of The Moon,1
Danielson Connecticut; Boston Ma,1
Dallas/fort Worth Area,1
West Coast North America,1
Dakar,1
Dagobah,1
Daejeon,1
Dachsund Den,1
D.f.,1
D.c. Area,1
West Hungary,1
D.c United States,1
D.c,1
Côte D´ivoire,1
Częstochowa,1
West Lafayette,1
Czech,1
West Michigan,1
Cyberworld,1
Cybertron,1
Cyberspizzle,1
West Sussex,1
Cwi,1
Curitiba Brazil,1
Curazao,1
Cumbria (uk),1
West Wales,1
Ct.,1
Ct / Moscow,1
West Yorkshire,1
Croydon,1
West-europe,1
Crimea,1
Craiova,1
Cracow,1
Council Bluffs Ia,1
Cottbus,1
West-vlaanderen,1
Corporate Cubicals,1
Cornell University,1
Cork - Croatia,1
Cordoba Argentina,1
Corby,1
Copenhagen/warsaw,1
Western Canada,1
Cool Story Beyonce,1
Continental Europe,1
Connecticut Usa,1
Western Europe,1
Conn,1
Computer Room,1
Computadora,1
Command Not Found,1
Columbus Ohio,1
Columbia,1
Western Europe-ish.,1
Western Hemisphere,1
Colombia.,1
Colombia Hpta!!!,1
Western India,1
Cologne / Germany,1
Collogne,1
College Point,1
Colima,1
Coimbatore Tamilnadu,1
Western Ma,1
Codeland,1
Co.,1
Co Usa,1
Western Siberia,1
Cn,1
Clr,1
Click "say-hello" In About Me,1
Clevedon,1
Classified,1
Class,1
City Of R'lyeh,1
City 17,1
Cinnaminson,1
Chn,1
Chişinău,1
Chitwan,1
Chiplun,1
China 中国,1
China Sz,1
China Shenzhen,1
China Or Japan,1
China Beijing,1
China / Bay Area,1
Where Am I?  He Exclaimed Reaching For His Hat.,1
Chin State,1
Where The Wind Brings Me,1
Chichester,1
Where The World Once Stood,1
Chicago/nwi,1
Chicago Suburbs,1
Chicago Il,1
Chicago Area,1
Wherever,1
Chiba,1
Chiapas,1
Chiang Mai,1
Cheshire,1
Chermahin,1
Chepstow,1
Chennai. India.,1
Chennai India,1
Whoi,1
Chengdu City,1
Chengdu,1
Chechen Republic,1
Chd,1
Chattanooga Tn,1
Charlotte Nc,1
Charlotte,1
Channel Islands,1
Changes Weekly,1
Chandkheda Ahmedabad,1
Chandigarh India,1
Why...,1
Chandhighar,1
Chair,1
Chai Na,1
Cesena,1
Central Victoria Australia (between Melbourne And Bendigo),1
Central Valley,1
Central Usa,1
Central Us,1
Central Pennsylvania,1
Central Massachusetts,1
Central Iowa,1
Wi Usa,1
Wiesbaden Germany,1
Central Ct Usa,1
Central America,1
Center Europe,1
Cellamare,1
Ce,1
(mallorca) Spain,1
Cataluña,1
( 1cc9 ) ^222,1
Cascadia,1
Cary Nc,1
Carnegie Mellon Hcii,1
Caribbean,1
Caracas,1
Cape Verde,1
Cape Town South Africa,1
Wisco,1
't Harde,1
Cap. Fed. Argentina,1
Cantabury Uk,1
Canberra Australia,1
Canada/québec,1
Canada. Please Don't Stalk Me.,1
Canada!,1
Canada Gta,1
Canada - Russia,1
Canad,1
Can Be Any Where As Move Alot,1
'murica,1
Wny,1
Camarillo Ca,1
Califronia (ca),1
California.,1
California      (from Toronto,1
Wonderland,1
Calicut,1
Cali & Norway,1
Calgary Ab,1
Workstation,1
Cagliari,1
Cabramatta,1
Ca And Ct,1
Ca And Boston,1
Ca 90066,1
Ca - Prague,1
Ca (originally Melbourne,1
World Traveler,1
Byu,1
By,1
But Mostly In Norway,1
But It's Taking A While.,1
Bushehr,1
Burkina Faso,1
Buner Kpk,1
World Traveller,1
Buffalo,1
World Wide,1
Buea,1
Worldwide Naples,1
Bucharest/romania,1
Wronx,1
$home,1
Brunswick,1
Brunei,1
Brooklyn Ny,1
$_server['cpu'],1
Bromley,1
Broadmeade.austin.tx.us.na.sol.milkyway,1
Brno.cz,1
Brittany,1
British Columbia - Canada,1
Wuxi,1
Britain,1
Www.aicooc.com,1
Brisbane Qld Australia,1
Brisbane Australia,1
Wz,1
Brighton/london,1
Würzburg,1
Bridge,1
Breslau/dresden/bamberg,1
Brentwood,1
Brentford,1
Bremen,1
Brazil / France,1
Brazil - São Paulo,1
Brazil - Rs,1
Brazil - Rio De Janeiro,1
Brazil - Ms - Naviraí,1
X,1
Bratislava,1
Brasília-df,1
Brasilia,1
Brasil/españa,1
Xi'an China,1
Brandenburg,1
Brampton,1
Braga,1
Bradford,1
Br,1
Bowery Nyc,1
Bournemouth,1
Boulder Co,1
Boulder,1
$$f^{a^{r^{r^{r^{r^{a^{w^{a^{y}}}}}}}}}$$,1
Boston And/or San Diego,1
Ye Olde Continent,1
Bosnia Herzegovina,1
Bosnia,1
Borel Sigma Algebra,1
Bologna (italy),1
Bologna,1
Bolivia.,1
Yerevan,1
Bogotá,1
Bochum,1
Bnagalore,1
Blue Ridge Mountains,1
Blood Gulch Outpost Alpha,1
Bloemfontein,1
Block Started By Symbol,1
Bklyn,1
Bj-cn,1
Bj,1
Bizerte Tunisia,1
Bizans,1
Bit Stop @ Grand Prix,1
Bishkek Kyrgyzstan,1
Bishkek,1
Birštonas Resort,1
Birmingham Uk,1
Binghamton,1
Big Island,1
Bhubneshwar,1
Yet To Find,1
Bhopal.,1
Bhojpur,1
Bhavnagar,1
Bham,1
Bhaktapur,1
Bh-brazil,1
Bgd,1
Bg,1
Berne,1
Bern,1
#hamont,1
Berlin/paris,1
Berlin.de,1
Berlin / Germany,1
Berlin & Manchester,1
Yogyakarta,1
Berkeley Ca,1
Yokohama,1
Benissa,1
York,1
Benelux,1
Benden Weyr,1
Bemidji Minnesota,1
Belo Horizonte / Brazil,1
Belize,1
You Might Not Know.,1
Belgorod,1
Belgium And South Africa,1
Belgium / Germany,1
Your Computer,1
Your Heart,1
Your Imagination,1
Bekasi,1
Beirut,1
Beijng,1
Beijing，china,1
Beijing/toronto/taiwan,1
Beijing/sydney,1
Beijing China,1
Behind Your Computer Screen,1
Behind You.,1
Behind The Wall,1
Behind The Scenes,1
Bcn,1
Bc (canada),1
Za,1
Bayern,1
Bay Area - California,1
Bavaria / Germany,1
Battaramulla,1
Baton Rouge,1
Basement (probably),1
Basel,1
Barnsley,1
Barneveld,1
Barnaul,1
Zakout,1
Zanjan,1
Barasat,1
Zanzibar,1
Banglaore,1
Banglaesh,1
Ze Web,1
Bangandhu Hall,1
Zhejiang,1
Zurich Switzerland,1
Bandar-e-abbass,1
Banaras Hindu University,1
Banana -republic,1
Banaglore,1
Bamian,1
Zz9 Plural Z Alpha,1
Balingasag,1
Zz9: Plural Zα,1
Bahia,1
Bahawalpur,1
Bahamas,1
Bag End,1
Baden-wurttemberg,1
Babycasèny,1
B.c.,1
B...,1
Azores,1
Az (usa),1
\location{address},1
Ayia Napa Cyprus,1
Aveiro,1
Autonomous City Of Buenos Aires,1
Aut,1
Austria/slovenia,1
Austria / Lviv,1
Australia.,1
Åland,1
Austin Texas Aka Breakfast Taco Capital Of The Universe.,1
Aus,1
Aurangabad India,1
Auckland Nz,1
Ålesund,1
Auburn University,1
Atlantic Ocean,1
Atlanta 'burbs,1
Æmelia Island,1
Atl,1
Athens Ga,1
Athens,1
At The Tip Of Mt. Gauss,1
At My Forum Oliviasrodriguez.nstars.org,1
At My Desk,1
At A Pc,1
At,1
Asturias - Spain,1
Astoria,1
Assen,1
"the Cloud",1
Asker,1
Çorlu,1
Asdf,1
Asd,1
Aruba,1
Arrakis,1
Around Here,1
Around 2.4 Ghz,1
Ελλάδα,1
Зубин Поток,1
Arizona; Usa,1
Київ,1
Яussia,1
Area 51,1
Ardabil,1
Arcadia,1
Aragon,1
Қазақстан,1
Antibes,1
Anti-biohazard Beings Bunker,1
Antartica,1
עולם הזה הגשמי,1
Antananarivo,1
Another,1
Anonymous Ville,1
Ann Arbor / Detroit,1
القاهرة، مصر,1
!,1
Angmar,1
Anglesey,1
Andhra Pradesh,1
Andheri,1
Andalusia,1
Andalucía,1
Ancient Greece,1
Anchorage Ak,1
Anantapur,1
Anand,1
An Orbiting Planet,1
An Nsa Database,1
مغز,1
Amstelveen,1
Amoy.cn,1
Among The Beautiful Blue Ridge Mountains,1
Amman-jordan,1
Ames Ia,1
American Mid West,1
America/costa_rica,1
Amazonas,1
Amazon - Brazil,1
Amalsad,1
Am,1
Alphretta Ga,1
Alpha Centauri,1
Almere,1
All Over The World.,1
Algeria - Morocco,1
ملكوت الله,1
Alexandria - Egypt,1
Alderaan,1
Alcochete,1
Albuquerque,1
Alberta (canada),1
ಕನ್ನಡ ರಾಜ್ಯ(karnataka),1
ᴜɴɪᴛᴇᴅ ᴋɪɴɢᴅᴏᴍ,1
‌‌‌‌‌‌‌,1
—,1
♁,1
Akron Ohio,1
Akron Oh,1
♥ Srilanka ♥,1
Aix En Provence,1
Airship Abubalay,1
Ahmedabad-india,1
Ahmedabad India,1
上海,1
Ahd,1
Ahamedabad,1
Agra,1
After The Ram,1
神戸,1
Afk,1
Adelaide,1
Addis Ababa,1
Abuja,1
Abudabi,1
Aberdeen,1
Ab Canada,1
Aarhus,1
Aalborg,1
Aachen Germany,1
A Small Island Off The Coast Of England,1
A Planet Called Earth,1
A Pale Blue Dot Called Earth.,1
A Galaxy Far.... Far Away,1
A Forest In Viking Country,1
A Coruña,1
A Cornfield In Iowa,1
A Box In Ohio,1
@work,1
@tolitius,1
@shanghai China,1
@outskirtslabs,1
@my-master-peice,1
@kevinweber,1
@127.0.0.1,1
@,1
;;,1
;-),1
:d,1
::1 @czechrepublic,1
::1,1
98033,1
94025,1
93001,1
92075,1
85233,1
84058,1
84.3884° W,1
83.4850°w,1
80525,1
79.911911 ),1
78978,1
72.871654,1
70508,1
65109,1
61813,1
6,1
58,1
48° 30' N 009° 0' E,1
48235,1
47°36′n 122°10′w,1
45:61:72:74:68,1
4096r/5cfc3b88974ee250,1
404 Not Found,1
3rfts,1
3rd Rock From The Sun.,1
358 Briarfeild Drive,1
33067,1
32225,1
31909,1
28n 77e,1
27701,1
25° N 32° E,1
24601,1
20.008598,1
192.168.1/16 Block,1
192.168.0.1,1
18431,1
15213,1
13° 3'7.64"n 80° 7'47.91"e,1
宮崎市,1
12.978715,1
11° 34' Xx" E,1
10028,1
100% Virtual,1
10.5263803,1
1/2 Vietnam & 1/2 Chinese,1
0° 25′ 37.2″ W,1
0x7c00,1
0x77ccfa53,1
0x00,1
08691,1
07095,1
07005,1
06901,1
06511,1
01000001 01010101 01010011,1
0000/00/00,1
Tejas,1
Teh,1
Technology Centre Of The World,1
Td30h27,1
Tata,1
Tartarus,1
Tardis,1
Tar Valon,1
Telangana,1
Telemark,1
Taiwan.,1
Taiwan (臺灣),1
Telheiras,1
Taipei & Hong Kong,1
São Paulo/brazil,1
São Paulo - Sp,1
São Paulo - Capital,1
São Paulo - Brazil,1
Tellus,1
São José Dos Campos - Sp,1
São Carlos,1
Szczecin,1
System.exception,1
Syria | Amman,1
Temecula,1
Syr -  Lives In Jeddah,1
Sylhet,1
Tempe,1
Switzierland,1
Switzerland / Portugal,1
Switzerland & Germany,1
Switzerland & France & Portugal,1
Terneuzen,1
Swiss,1
Sweden;austria,1
Sweden / Switzerland,1
Sweden (work),1
Sweden (u.s. Citizen),1
Terra Incognito,1
Uzb,1
